age,country,tenure_months,monthly_transactions,average_transaction_amount,app_sessions_monthly,support_contacts,card_usage,satisfaction_score,premium_customer,international_transactions,failed_transactions,actual_churn,predicted_churn,churn_probability
25,Senegal,12,0,75.36,13,3,22,2.8,0,0,1,1,1,0.8
33,Germany,33,6,105.46,7,2,16,1.4,0,4,3,1,1,0.77
24,United Kingdom,42,5,63.92,16,3,15,4.3,0,1,2,1,1,0.765
21,Senegal,8,4,65.52,14,3,15,4.6,0,3,2,0,1,0.765
39,Senegal,16,4,141.68,25,3,14,2.3,0,1,4,1,1,0.73
54,Germany,13,17,149.64,8,0,7,2.9,0,1,1,0,1,0.73
23,Germany,29,0,140.62,8,5,18,3.5,0,1,2,1,1,0.73
21,Portugal,7,9,83.0,8,3,17,2.8,0,0,0,1,1,0.725
20,Portugal,14,9,64.63,3,4,16,4.0,0,5,1,1,1,0.725
34,Germany,12,12,104.2,17,1,10,2.0,0,3,1,1,1,0.72
31,Germany,20,3,281.74,21,3,11,2.9,0,2,2,0,1,0.715
57,Senegal,6,6,136.66,4,0,11,2.6,0,6,2,1,1,0.71
30,Spain,23,9,155.66,21,1,9,3.0,0,3,1,0,1,0.71
34,Spain,36,5,59.82,24,3,23,3.4,0,0,1,0,1,0.71
20,Senegal,8,0,78.68,15,3,0,2.2,0,2,1,1,1,0.705
26,United Kingdom,12,13,137.33,22,3,24,2.8,1,6,1,1,1,0.7
53,Senegal,9,9,114.5,24,3,13,2.9,0,0,5,1,1,0.7
45,Spain,21,30,160.91,4,2,13,2.3,0,6,1,1,1,0.695
57,Senegal,10,11,81.92,11,2,4,3.5,0,0,0,0,1,0.695
59,Senegal,8,3,129.39,12,2,19,4.0,0,4,1,1,1,0.695
44,Germany,25,0,69.95,8,2,13,4.2,0,2,2,0,1,0.69
26,France,23,1,92.36,1,1,0,2.7,0,4,3,0,1,0.69
44,Portugal,54,9,177.45,10,1,15,2.1,0,1,1,1,1,0.685
57,Germany,54,13,93.88,16,1,11,2.2,0,0,3,0,1,0.68
33,United Kingdom,35,12,70.32,7,2,0,2.5,0,4,1,0,1,0.68
42,France,4,4,148.76,1,2,3,3.6,0,3,1,1,1,0.68
41,Germany,29,12,104.14,1,1,15,3.0,0,0,1,1,1,0.675
46,France,20,7,103.56,13,1,5,2.4,0,2,1,1,1,0.675
27,Senegal,21,4,90.45,9,2,17,4.5,0,1,3,1,1,0.665
27,France,50,11,59.9,19,5,10,2.5,0,5,2,1,1,0.665
27,United Kingdom,12,14,95.08,12,0,13,2.5,0,3,2,0,1,0.66
52,Senegal,9,2,75.48,1,3,20,4.5,0,6,2,1,1,0.66
52,United Kingdom,44,12,108.05,6,3,2,3.1,0,3,2,1,1,0.655
40,Germany,9,0,87.21,12,1,11,3.3,0,3,2,1,1,0.65
25,Spain,43,10,120.96,12,3,22,2.3,0,4,2,1,1,0.65
38,United Kingdom,9,3,105.81,24,2,8,2.9,0,2,1,1,1,0.65
39,Portugal,47,27,167.8,20,3,11,2.5,0,2,3,0,1,0.645
28,Germany,9,19,74.88,9,3,5,2.8,0,0,2,0,1,0.64
20,United Kingdom,5,24,203.54,10,0,16,1.9,0,7,2,1,1,0.635
42,Portugal,37,0,76.11,2,1,11,2.0,0,6,1,1,1,0.63
39,Portugal,8,3,156.27,11,1,11,2.4,0,0,3,0,1,0.63
21,Spain,52,9,106.18,28,3,8,2.8,0,5,1,0,1,0.625
65,Portugal,11,8,69.61,5,1,0,2.7,0,4,1,1,1,0.625
62,Senegal,8,9,71.55,18,2,8,3.7,0,2,0,0,1,0.625
55,Senegal,43,18,111.02,4,2,11,2.0,0,2,2,1,1,0.625
37,Germany,31,0,70.83,19,1,30,2.9,1,2,0,1,1,0.62
26,United Kingdom,37,12,103.14,9,1,28,2.3,0,2,6,1,1,0.62
45,Senegal,19,12,128.51,15,1,2,2.9,0,6,2,0,1,0.62
54,Germany,14,14,123.61,13,2,9,2.0,1,2,1,1,1,0.615
46,Senegal,13,12,158.37,14,0,18,3.4,0,3,2,0,1,0.615
52,United Kingdom,55,6,110.8,13,0,18,2.9,1,0,0,0,1,0.61
54,Portugal,30,15,88.3,21,2,11,3.1,0,1,2,0,1,0.605
25,Germany,2,0,81.76,27,3,5,2.6,0,2,3,1,1,0.605
43,United Kingdom,3,0,111.56,1,3,16,4.5,0,3,2,1,1,0.605
44,Germany,7,3,178.21,19,2,19,3.3,1,7,0,0,1,0.605
25,Senegal,2,10,72.22,2,3,12,2.2,0,1,4,1,1,0.605
30,Spain,9,13,76.58,21,0,10,2.8,0,0,2,1,1,0.605
52,Senegal,7,6,55.62,1,2,10,4.2,0,6,1,1,1,0.605
57,Spain,8,10,61.72,18,0,0,3.9,0,4,1,0,1,0.6
60,Germany,9,17,84.64,1,3,7,4.3,1,5,2,0,1,0.6
26,United Kingdom,23,12,100.91,30,1,15,2.7,0,5,3,1,1,0.6
27,Senegal,23,12,152.26,11,3,15,5.0,0,1,1,0,1,0.6
21,Germany,18,12,86.05,18,3,7,3.3,0,2,2,0,1,0.595
22,Germany,28,4,99.69,18,0,4,2.5,0,2,1,0,1,0.595
55,France,35,0,155.52,22,1,10,3.6,0,0,1,0,1,0.59
51,Germany,7,42,128.8,1,0,7,2.7,0,2,1,0,1,0.59
31,Portugal,40,15,66.0,8,3,0,1.6,0,8,1,1,1,0.59
19,Germany,22,7,73.67,13,2,10,2.5,0,0,3,0,1,0.59
21,France,33,13,164.08,8,1,0,2.2,0,0,2,1,1,0.585
43,Spain,10,7,95.92,2,0,5,3.8,0,1,1,0,1,0.585
20,Spain,7,7,119.38,22,2,11,3.0,0,3,2,1,1,0.585
51,France,12,19,35.35,27,3,14,2.1,0,4,2,0,1,0.585
45,Germany,21,11,90.11,18,1,7,2.9,0,0,3,0,1,0.585
61,Germany,18,6,65.05,14,2,14,4.3,1,6,1,0,1,0.585
44,Spain,13,11,87.17,12,1,24,3.3,0,3,1,1,1,0.58
33,Senegal,59,10,179.63,14,1,12,3.3,0,3,2,0,1,0.58
39,Senegal,18,11,59.41,24,1,2,1.5,0,3,1,0,1,0.58
34,Germany,19,1,112.35,25,0,5,2.5,0,3,2,0,1,0.58
49,France,55,1,99.16,19,3,16,3.2,0,0,0,1,1,0.58
24,Senegal,52,15,156.83,10,0,2,2.5,0,3,1,1,1,0.58
25,Portugal,27,0,58.8,20,1,6,4.0,0,3,3,0,1,0.575
27,Spain,1,23,148.52,13,3,12,3.6,0,7,0,0,1,0.575
37,Senegal,14,25,170.4,15,2,10,2.6,0,1,1,0,1,0.575
46,Spain,14,4,49.52,17,2,23,2.7,0,3,0,1,1,0.575
61,Senegal,31,7,64.73,16,1,8,3.6,0,2,2,0,1,0.575
25,Senegal,52,25,165.73,13,3,3,3.0,0,6,1,0,1,0.575
24,Germany,10,10,49.67,1,1,10,2.3,0,4,1,0,1,0.575
42,Germany,38,8,96.91,1,1,11,3.3,0,0,4,0,1,0.575
53,Senegal,53,7,109.03,3,3,8,4.0,0,3,0,1,1,0.575
52,France,16,8,156.22,3,0,6,3.3,0,1,0,0,1,0.575
56,Portugal,6,15,83.21,21,3,13,3.0,0,6,1,1,1,0.575
31,Spain,49,16,170.6,4,0,17,1.6,0,1,1,1,1,0.57
50,Senegal,27,18,148.06,19,2,9,3.0,0,3,3,1,1,0.57
27,Germany,14,20,77.15,12,3,19,3.8,0,6,4,1,1,0.57
18,Germany,53,11,169.59,19,0,11,2.6,0,4,3,0,1,0.57
50,Germany,5,14,100.54,17,0,7,2.9,0,0,1,0,1,0.57
62,Germany,11,13,50.2,2,1,13,2.8,0,3,4,0,1,0.57
31,Germany,4,11,137.87,19,1,1,2.4,0,3,0,1,1,0.57
31,Spain,20,6,247.56,23,2,19,2.4,1,2,3,1,1,0.57
51,Spain,40,0,133.36,20,2,9,3.8,0,3,5,1,1,0.565
19,Spain,8,8,128.56,28,1,16,2.6,0,4,0,1,1,0.565
63,Portugal,9,8,275.54,23,1,4,2.6,1,5,4,0,1,0.565
62,France,23,2,50.07,23,3,15,3.9,1,1,6,1,1,0.565
59,Spain,52,5,94.56,22,4,11,3.0,1,3,6,1,1,0.56
37,Germany,27,0,186.71,1,1,13,4.1,0,3,3,0,1,0.56
26,United Kingdom,30,0,96.66,16,0,10,3.7,1,6,4,0,1,0.56
37,Senegal,28,10,96.4,20,1,12,3.2,0,2,0,0,1,0.56
45,Spain,12,18,157.96,18,0,6,2.6,0,3,1,0,1,0.56
38,Spain,21,7,123.54,17,1,12,3.6,0,2,2,0,1,0.56
36,Senegal,58,0,129.16,12,1,12,1.7,0,0,2,1,1,0.56
63,Portugal,14,6,220.47,23,3,18,3.7,0,1,2,0,1,0.56
58,Spain,19,28,146.0,9,0,20,2.3,0,1,3,0,1,0.555
61,Spain,7,0,78.4,1,1,18,4.2,0,5,1,0,1,0.555
55,Spain,18,23,140.21,3,0,8,4.2,0,0,1,0,1,0.555
49,Senegal,53,18,158.58,14,0,14,2.7,0,1,0,0,1,0.555
21,Portugal,38,10,59.9,22,1,9,3.1,0,0,1,0,1,0.555
26,United Kingdom,48,14,98.68,13,0,8,2.9,0,4,4,0,1,0.555
30,Portugal,26,17,61.3,1,1,14,3.0,0,3,3,0,1,0.55
23,Senegal,7,29,109.99,2,1,16,3.3,0,1,1,1,1,0.55
49,Portugal,49,18,126.15,34,3,4,2.9,0,2,1,0,1,0.55
24,Portugal,48,11,97.88,5,1,18,3.2,0,3,3,0,1,0.55
20,Spain,4,33,185.26,4,0,11,3.2,0,0,3,0,1,0.55
23,United Kingdom,57,8,69.1,14,2,14,3.6,0,0,1,0,1,0.545
54,United Kingdom,31,11,111.31,21,1,0,1.7,0,3,1,1,1,0.545
21,Spain,26,8,144.29,2,1,14,2.9,0,0,1,0,1,0.545
19,France,4,9,97.7,29,3,7,3.6,0,6,2,1,1,0.545
43,Portugal,8,11,84.23,20,1,11,3.4,0,7,0,0,1,0.545
43,Senegal,22,1,57.45,1,2,9,4.0,1,4,2,0,1,0.545
48,France,15,11,211.96,23,2,1,2.9,0,8,3,0,1,0.545
40,Germany,27,9,241.01,19,0,4,1.9,0,0,3,1,1,0.54
29,Portugal,9,16,48.84,1,2,8,4.1,1,2,0,1,1,0.54
25,Germany,34,20,77.98,5,3,6,3.0,0,0,2,0,1,0.54
34,Senegal,42,9,197.43,9,1,11,2.5,0,8,0,0,1,0.54
27,Portugal,10,24,84.25,18,0,0,3.1,0,0,2,0,1,0.54
18,Senegal,10,12,154.56,8,2,7,3.2,0,1,2,0,1,0.54
45,Portugal,11,21,84.33,4,1,7,2.4,0,0,1,1,1,0.54
45,Germany,56,10,72.53,9,0,10,3.4,0,4,1,0,1,0.54
54,Spain,22,18,101.03,13,1,22,3.9,0,1,0,0,1,0.54
23,Senegal,7,25,103.07,16,1,8,2.6,0,8,2,0,1,0.54
35,Senegal,51,16,120.34,8,1,7,2.4,0,3,1,0,1,0.54
31,Germany,15,16,78.89,11,1,18,4.2,1,2,2,0,1,0.54
42,United Kingdom,19,2,95.88,21,1,18,4.5,0,0,1,0,1,0.54
50,Germany,14,7,169.21,26,3,27,3.8,0,5,0,0,1,0.535
21,Portugal,7,13,202.82,7,2,13,5.0,0,4,1,1,1,0.535
22,Germany,44,25,184.95,1,1,10,3.5,0,0,3,1,1,0.535
33,France,27,9,86.03,1,1,16,3.9,0,2,2,1,1,0.535
47,Senegal,7,19,229.4,14,2,10,3.3,0,4,2,0,1,0.535
44,Portugal,20,14,115.12,1,1,13,3.7,0,4,2,0,1,0.535
29,Senegal,19,17,189.27,17,4,20,3.9,0,3,3,0,1,0.535
58,Senegal,41,5,118.84,14,1,9,4.2,0,1,1,1,1,0.535
43,Spain,36,8,175.29,32,3,7,2.7,0,0,1,1,1,0.535
61,Spain,16,17,66.79,1,0,16,3.8,0,1,1,1,1,0.53
24,Senegal,5,30,124.82,30,3,16,4.1,0,5,1,0,1,0.53
40,France,18,14,69.17,20,2,14,3.7,1,1,2,0,1,0.53
57,Germany,40,10,103.77,13,2,17,4.2,1,0,2,1,1,0.53
27,Senegal,31,23,112.53,19,0,7,3.2,0,2,3,0,1,0.53
47,Senegal,42,18,144.59,16,2,10,2.1,0,0,1,0,1,0.53
42,Senegal,1,18,117.0,1,1,12,3.0,0,0,1,0,1,0.525
26,Portugal,10,14,99.6,35,3,7,3.3,0,5,1,1,1,0.525
27,United Kingdom,21,25,265.07,14,1,7,2.7,0,5,2,1,1,0.525
26,France,33,15,88.38,17,0,6,3.9,0,3,4,0,1,0.525
58,Germany,26,19,206.54,15,3,6,3.6,0,2,1,0,1,0.525
21,Portugal,25,11,75.92,23,1,13,3.3,0,7,2,0,1,0.525
18,Spain,28,0,117.15,28,1,16,4.8,0,7,3,1,1,0.525
42,Germany,6,24,107.62,19,0,3,1.8,0,7,0,0,1,0.525
43,Senegal,15,12,125.56,21,0,12,3.9,1,3,1,0,1,0.525
18,Portugal,10,20,68.76,17,1,1,3.3,0,5,1,0,1,0.52
59,Germany,18,15,76.89,35,2,6,1.0,0,6,3,1,1,0.52
64,France,4,5,219.48,20,2,14,3.1,1,0,1,0,1,0.52
52,Spain,27,18,142.79,13,1,7,3.4,0,1,4,1,1,0.52
35,France,8,2,133.71,20,1,13,3.9,0,8,2,1,1,0.52
26,Spain,6,2,54.54,32,2,13,4.5,0,6,2,0,1,0.52
45,Spain,20,19,306.41,13,1,9,4.6,0,0,4,1,1,0.52
29,United Kingdom,16,10,97.94,29,0,12,3.5,0,2,2,0,1,0.52
65,Portugal,16,29,228.87,1,3,6,3.1,0,4,2,1,1,0.515
53,Senegal,53,13,329.78,11,4,20,2.8,0,0,1,1,1,0.515
27,Germany,55,35,176.94,1,1,8,3.4,0,1,1,0,1,0.515
64,Portugal,53,13,116.13,3,0,6,2.7,0,4,5,1,1,0.515
27,Portugal,10,34,200.48,1,4,6,2.0,1,2,1,1,1,0.515
30,United Kingdom,41,5,253.66,14,1,16,2.5,0,3,1,1,1,0.515
50,United Kingdom,16,22,150.49,9,2,18,3.2,0,6,2,1,1,0.515
44,Senegal,30,23,49.41,27,4,6,2.5,0,0,2,0,1,0.515
24,Portugal,31,20,87.52,15,2,3,3.1,0,0,2,1,1,0.51
61,Portugal,59,5,196.1,5,0,16,3.9,0,2,3,0,1,0.51
61,Spain,32,6,166.63,15,1,8,3.7,0,8,1,1,1,0.51
62,United Kingdom,45,9,40.69,11,2,9,3.3,0,1,3,1,1,0.51
60,Germany,17,16,42.79,10,1,5,4.4,0,4,2,1,1,0.51
25,United Kingdom,60,30,76.18,8,1,15,2.1,1,6,1,0,1,0.51
23,Spain,29,9,86.98,1,0,9,3.9,0,0,1,1,1,0.51
35,Spain,35,0,93.5,8,1,0,4.1,0,2,2,0,1,0.51
61,Senegal,11,14,84.82,18,2,12,3.7,0,1,2,0,1,0.505
32,Germany,21,17,105.72,11,0,21,4.0,0,5,1,1,1,0.505
18,Portugal,44,19,77.76,13,1,10,1.8,1,4,3,0,1,0.505
62,Senegal,32,10,71.62,18,1,4,4.0,0,4,1,0,1,0.505
48,Portugal,24,6,67.66,26,1,14,3.6,0,0,1,0,1,0.505
54,Germany,30,22,65.87,6,2,13,3.7,0,0,4,1,1,0.505
30,United Kingdom,8,18,79.23,19,0,21,2.9,0,4,1,0,1,0.505
30,France,3,17,60.37,12,2,25,2.8,1,0,0,0,1,0.505
45,Germany,25,13,158.36,30,3,10,3.2,1,6,3,0,1,0.505
59,France,20,13,262.65,1,0,12,3.5,1,0,0,0,0,0.5
26,Portugal,7,12,86.81,15,1,5,4.2,0,0,0,0,0,0.5
29,Spain,23,12,93.49,10,0,11,3.5,0,4,2,0,0,0.5
51,Portugal,15,17,61.69,9,0,17,3.7,0,2,2,0,0,0.5
47,France,30,0,66.65,12,1,9,5.0,0,0,0,1,0,0.5
59,France,13,20,83.23,25,3,14,2.9,0,4,1,0,0,0.5
34,France,54,29,50.42,7,1,13,2.2,1,4,1,0,0,0.5
24,Spain,35,6,237.14,27,2,3,2.8,1,4,1,0,0,0.5
20,Senegal,15,0,98.93,14,0,15,2.9,0,4,0,0,0,0.5
65,Germany,36,7,156.17,7,1,13,3.1,0,1,0,0,0,0.5
58,United Kingdom,46,19,113.4,15,1,17,3.1,0,0,2,0,0,0.495
47,United Kingdom,60,13,157.93,18,2,12,3.7,0,0,2,0,0,0.495
51,France,43,5,83.33,1,0,11,2.9,0,3,1,0,0,0.495
51,United Kingdom,40,16,85.64,10,2,17,3.3,0,0,2,1,0,0.495
38,Senegal,32,0,41.57,22,1,23,3.5,0,4,0,0,0,0.495
58,Senegal,7,18,271.3,14,1,19,3.7,0,4,2,1,0,0.49
22,Portugal,2,0,79.34,15,1,10,3.6,1,4,1,0,0,0.49
33,France,21,10,123.26,23,1,29,2.6,0,8,2,0,0,0.49
42,Portugal,48,31,166.68,22,4,7,3.6,0,5,3,0,0,0.49
61,Senegal,2,9,192.28,13,1,10,3.7,0,5,2,0,0,0.49
62,Portugal,42,8,85.21,23,1,8,2.1,1,3,1,0,0,0.485
23,France,19,25,166.54,14,0,10,2.6,0,3,1,0,0,0.485
27,Senegal,13,10,255.34,5,1,19,2.5,0,0,0,1,0,0.485
27,Spain,21,14,107.91,8,0,24,4.0,0,0,1,0,0,0.485
41,Portugal,37,14,117.2,32,1,11,2.4,0,3,3,1,0,0.485
27,United Kingdom,12,0,35.16,13,0,14,3.2,1,4,2,1,0,0.485
59,Spain,1,10,79.22,23,0,11,2.4,0,5,0,0,0,0.485
22,Senegal,5,18,162.29,16,1,23,4.1,1,0,2,0,0,0.48
57,United Kingdom,24,4,154.12,19,1,2,4.3,0,0,3,1,0,0.48
45,Germany,13,19,87.27,9,0,9,3.7,1,8,3,0,0,0.48
54,Portugal,56,0,254.97,19,1,13,5.0,1,5,5,0,0,0.48
35,France,2,18,168.36,13,2,6,3.6,1,2,2,0,0,0.48
48,Senegal,37,20,91.89,9,2,6,3.2,0,3,1,0,0,0.48
24,Portugal,37,0,238.37,17,0,19,3.3,1,5,3,1,0,0.48
50,Germany,33,16,189.1,16,1,9,3.0,1,0,2,1,0,0.48
40,Germany,7,18,141.55,22,3,4,1.9,0,4,0,0,0,0.48
55,United Kingdom,22,6,56.88,28,3,14,1.6,1,2,1,1,0,0.48
47,United Kingdom,10,20,196.18,31,0,1,3.2,0,3,3,0,0,0.48
21,Germany,23,17,78.59,21,1,11,4.4,1,4,2,0,0,0.48
36,Portugal,26,0,100.9,30,1,11,3.0,1,4,3,0,0,0.475
59,Senegal,7,22,155.29,23,4,14,5.0,0,5,1,1,0,0.475
24,Senegal,14,30,62.07,19,1,13,2.4,0,2,0,1,0,0.475
27,United Kingdom,22,4,124.88,15,1,18,3.9,0,6,2,0,0,0.475
26,Spain,13,25,214.62,8,1,21,3.1,0,0,0,0,0,0.475
22,France,28,10,88.99,19,1,8,4.0,0,7,1,0,0,0.475
43,Portugal,54,3,81.39,10,3,0,5.0,0,3,1,1,0,0.475
18,Senegal,44,14,66.57,13,4,3,2.6,0,0,2,1,0,0.475
21,Portugal,16,21,88.53,31,1,3,1.3,0,1,2,1,0,0.475
39,United Kingdom,12,14,51.97,11,1,22,4.8,0,0,1,1,0,0.475
41,France,53,6,136.14,10,2,12,3.7,0,7,1,1,0,0.475
30,Senegal,9,15,51.86,30,2,6,3.4,0,4,1,0,0,0.475
23,United Kingdom,14,17,224.96,17,2,19,2.9,0,2,4,1,0,0.475
23,Spain,19,9,44.63,8,1,11,2.9,1,0,0,0,0,0.475
41,Spain,44,19,166.56,18,0,7,2.4,0,3,2,0,0,0.475
42,Portugal,19,14,85.89,27,4,9,3.6,1,4,0,1,0,0.475
59,Senegal,24,28,173.17,24,2,5,2.2,0,5,3,0,0,0.47
49,Germany,3,26,93.23,12,2,8,4.1,0,8,3,0,0,0.47
42,Senegal,38,28,122.97,35,6,15,3.8,0,0,1,0,0,0.47
24,Germany,7,15,104.24,15,0,18,3.4,0,2,0,1,0,0.47
29,Senegal,58,26,95.71,1,1,11,2.6,1,2,0,0,0,0.47
62,Portugal,51,12,32.59,34,1,17,2.8,0,1,1,0,0,0.47
30,France,19,24,122.17,16,1,14,3.0,0,9,3,0,0,0.47
54,France,22,11,126.99,18,0,20,3.0,0,6,0,1,0,0.47
52,Germany,13,14,99.95,32,3,6,2.8,1,7,3,0,0,0.47
38,Germany,51,23,142.68,2,0,11,3.3,1,2,2,0,0,0.47
61,Spain,8,13,188.73,26,0,18,2.5,0,4,1,0,0,0.47
35,France,47,6,122.71,18,0,0,4.0,0,4,4,1,0,0.47
49,Senegal,27,5,78.84,12,0,5,4.3,1,8,1,0,0,0.465
22,Spain,40,6,64.8,15,0,6,4.9,0,2,3,0,0,0.465
59,United Kingdom,8,22,165.57,19,3,12,2.9,0,9,2,1,0,0.465
37,Portugal,50,10,64.26,25,2,11,3.1,0,4,0,0,0,0.465
23,France,40,18,232.37,20,0,10,4.2,0,4,3,0,0,0.465
46,Spain,47,5,103.39,22,2,0,2.3,0,0,0,0,0,0.465
22,Portugal,25,12,107.83,10,0,9,4.4,0,2,1,1,0,0.465
27,Portugal,11,10,121.2,22,2,7,3.5,0,4,2,1,0,0.465
65,Senegal,37,13,87.75,12,2,23,4.9,0,4,3,0,0,0.465
19,United Kingdom,53,16,142.42,15,1,3,3.0,0,10,1,0,0,0.46
65,Portugal,60,0,116.41,5,2,10,3.4,0,0,3,1,0,0.46
64,Senegal,45,14,64.92,24,0,1,2.4,0,3,2,0,0,0.46
51,Portugal,40,23,162.6,8,2,20,2.3,0,7,2,0,0,0.455
44,France,25,10,88.07,17,2,5,4.4,0,4,2,0,0,0.455
28,Senegal,40,21,132.34,22,2,13,1.6,0,5,1,1,0,0.455
65,Portugal,26,0,96.34,32,2,7,1.7,0,4,3,0,0,0.455
32,France,43,18,116.5,20,1,10,3.1,0,2,4,1,0,0.455
27,Spain,7,4,107.38,18,0,15,2.9,1,4,1,0,0,0.455
32,Portugal,45,5,70.43,13,0,6,3.2,1,2,0,0,0,0.45
35,Germany,50,12,138.37,14,2,4,2.8,0,4,2,1,0,0.45
33,United Kingdom,38,6,233.42,14,2,5,3.4,0,4,2,1,0,0.45
50,Spain,20,21,164.89,8,1,24,5.0,0,0,0,0,0,0.45
37,France,51,30,69.41,25,3,19,2.8,0,4,4,0,0,0.45
23,Spain,25,13,64.72,5,2,7,3.8,1,0,1,0,0,0.45
44,Spain,47,18,173.32,27,1,17,2.7,0,0,1,0,0,0.45
25,France,19,9,76.43,18,0,8,4.1,0,0,1,0,0,0.45
64,France,3,9,77.81,21,1,0,3.7,0,5,4,0,0,0.45
52,France,44,6,173.84,16,0,9,2.9,0,0,1,0,0,0.45
34,Germany,20,17,97.55,6,0,9,3.8,0,7,0,0,0,0.45
25,Spain,11,29,90.25,14,2,7,2.6,0,3,1,0,0,0.45
34,Senegal,45,18,96.79,26,1,8,2.6,0,0,2,0,0,0.45
26,Senegal,51,31,55.71,1,1,21,1.9,0,8,1,0,0,0.45
52,Senegal,39,21,130.95,12,0,13,4.0,0,0,1,0,0,0.45
24,Senegal,42,15,62.46,15,0,5,3.5,0,1,5,0,0,0.445
36,France,28,8,71.32,36,4,16,3.2,0,3,0,0,0,0.445
32,France,4,20,92.93,38,4,6,1.9,0,3,2,0,0,0.445
35,Germany,36,18,210.1,27,3,22,2.3,0,5,0,1,0,0.445
49,Germany,22,20,110.18,16,1,0,3.0,0,2,0,0,0,0.445
22,United Kingdom,20,11,37.96,26,0,18,3.2,0,3,2,0,0,0.445
54,France,45,15,46.21,32,1,18,2.6,0,0,1,0,0,0.445
53,Portugal,56,19,155.15,1,0,19,3.4,1,1,0,0,0,0.445
24,Portugal,8,23,200.11,32,3,15,2.5,0,2,1,0,0,0.445
51,Spain,40,17,61.02,22,3,12,3.1,0,1,3,1,0,0.445
28,Senegal,14,19,166.06,26,1,0,3.7,1,3,0,0,0,0.445
29,Spain,36,14,84.65,22,0,5,3.2,0,0,2,0,0,0.445
22,United Kingdom,6,26,123.2,26,1,4,4.3,0,5,2,1,0,0.445
33,France,13,3,95.26,21,0,19,3.6,1,2,0,0,0,0.445
18,United Kingdom,60,2,91.63,2,1,4,3.8,0,5,2,0,0,0.445
60,Senegal,23,7,78.83,24,0,9,4.2,0,2,1,1,0,0.445
23,Spain,60,12,269.96,6,1,20,2.5,0,3,1,0,0,0.445
46,Spain,14,13,70.88,9,3,13,4.2,0,7,1,0,0,0.445
52,France,42,19,161.66,16,4,4,5.0,0,3,2,1,0,0.44
22,United Kingdom,15,26,112.55,6,0,9,3.1,1,4,2,0,0,0.44
40,Portugal,30,14,124.03,22,3,9,3.3,0,3,0,0,0,0.44
53,United Kingdom,60,9,73.23,15,3,6,3.2,0,2,0,1,0,0.44
48,United Kingdom,37,14,51.0,28,2,14,3.0,0,3,5,1,0,0.44
54,United Kingdom,40,11,170.02,19,0,4,2.8,0,0,3,1,0,0.44
40,Senegal,27,12,109.78,20,0,11,4.6,1,6,3,0,0,0.44
63,Germany,24,15,69.55,13,2,6,3.7,0,3,0,1,0,0.44
56,Spain,32,17,183.61,31,4,8,3.2,0,5,3,0,0,0.44
62,Germany,56,11,145.95,21,1,0,1.7,0,4,0,0,0,0.44
40,Spain,21,17,98.63,11,1,0,5.0,0,2,2,0,0,0.435
61,Germany,45,1,58.94,24,2,15,3.1,1,0,1,0,0,0.435
22,United Kingdom,54,19,99.28,23,1,0,3.2,1,2,2,0,0,0.435
27,Germany,19,8,176.19,3,1,2,4.3,0,2,0,0,0,0.435
27,Senegal,53,12,145.88,22,1,10,3.1,0,7,0,0,0,0.435
65,Senegal,50,10,142.78,17,1,6,2.4,0,0,2,0,0,0.435
46,Portugal,45,10,211.4,23,2,11,3.8,1,5,3,0,0,0.435
64,Senegal,30,27,72.33,1,1,15,3.5,0,1,1,0,0,0.435
19,Spain,29,17,48.0,31,3,10,2.1,0,2,1,0,0,0.435
49,Spain,32,22,212.81,22,3,5,1.6,0,2,2,0,0,0.435
18,United Kingdom,11,13,138.88,1,2,20,4.9,1,0,1,0,0,0.43
61,Senegal,45,13,101.03,24,5,12,4.6,0,1,0,0,0,0.43
38,Portugal,31,27,56.34,4,1,17,3.5,1,1,1,0,0,0.43
27,Senegal,24,7,134.12,34,3,10,3.0,0,1,5,1,0,0.43
44,France,14,31,138.17,26,0,0,2.5,0,0,4,0,0,0.43
33,United Kingdom,7,0,110.11,25,1,18,2.7,0,3,1,1,0,0.43
48,France,15,20,97.45,10,3,16,3.4,0,6,1,1,0,0.43
60,Spain,14,7,63.42,28,0,8,2.7,0,0,1,0,0,0.43
33,Germany,31,18,89.38,16,1,12,3.6,0,2,0,0,0,0.43
57,Portugal,36,16,124.91,31,1,8,2.7,0,2,2,1,0,0.43
18,United Kingdom,45,13,75.99,9,1,0,2.6,1,5,0,0,0,0.43
55,United Kingdom,11,13,81.08,24,0,12,3.2,0,0,2,0,0,0.43
41,Germany,32,37,139.8,17,1,21,2.4,0,3,4,0,0,0.43
25,Spain,35,25,221.1,22,4,6,3.0,1,3,2,1,0,0.43
18,Portugal,3,11,63.77,26,1,23,3.1,0,5,1,0,0,0.43
22,United Kingdom,46,15,138.62,25,0,7,2.9,0,2,3,0,0,0.43
25,Senegal,29,17,162.83,14,2,5,3.6,0,4,1,0,0,0.425
40,France,48,7,178.88,30,3,5,3.0,1,2,3,1,0,0.425
25,Senegal,31,5,253.28,38,3,16,4.7,0,0,1,0,0,0.425
44,Senegal,33,8,303.67,15,0,10,4.9,0,4,2,0,0,0.42
56,Spain,36,10,154.8,32,2,20,2.3,0,7,0,0,0,0.42
63,France,58,33,84.79,8,0,18,2.4,0,2,3,0,0,0.42
19,Portugal,28,6,331.38,16,1,26,3.9,0,5,2,0,0,0.42
37,Germany,32,9,195.7,23,1,13,3.6,0,5,2,0,0,0.42
18,France,17,11,101.61,30,1,17,2.3,0,2,1,0,0,0.42
47,Portugal,50,5,169.6,20,2,11,4.0,1,0,4,0,0,0.42
42,France,38,14,174.6,1,1,10,3.0,0,6,1,0,0,0.42
33,Spain,9,6,75.64,4,0,22,4.2,0,5,2,0,0,0.42
36,Portugal,45,14,123.49,27,2,5,4.3,1,2,7,0,0,0.42
45,France,18,10,57.97,14,0,4,3.7,0,5,3,0,0,0.42
31,France,8,18,105.94,20,0,14,2.6,1,0,1,0,0,0.42
40,Germany,60,25,273.73,24,1,12,3.2,0,7,2,1,0,0.42
23,Germany,2,19,94.94,13,0,11,4.5,0,2,3,0,0,0.42
55,Germany,8,1,135.21,26,0,20,3.7,0,5,1,0,0,0.415
53,France,54,21,151.65,9,2,6,2.4,0,1,1,0,0,0.415
20,Senegal,33,0,98.36,15,0,12,4.0,0,0,1,0,0,0.415
19,Senegal,19,0,163.66,30,0,10,3.7,1,3,2,0,0,0.415
57,Portugal,38,12,59.13,21,2,2,3.3,0,4,1,0,0,0.415
39,Senegal,22,8,175.3,44,5,13,4.1,1,0,2,0,0,0.415
64,Portugal,29,16,177.16,11,1,9,5.0,0,0,3,0,0,0.415
22,France,58,15,96.6,19,2,15,5.0,0,5,5,1,0,0.415
21,France,43,20,205.09,20,0,15,2.2,0,6,0,1,0,0.415
61,France,46,23,122.71,19,4,1,2.5,0,7,1,0,0,0.415
36,United Kingdom,52,16,145.55,19,2,6,3.4,0,2,1,0,0,0.415
53,Spain,56,29,84.44,11,1,11,3.6,0,4,3,0,0,0.415
42,Senegal,42,12,111.86,18,1,15,3.4,1,0,2,0,0,0.415
46,France,41,17,109.6,14,2,10,4.3,0,1,0,0,0,0.415
20,Germany,33,17,54.3,1,1,8,2.1,1,0,2,1,0,0.41
22,United Kingdom,43,18,156.25,14,1,16,3.5,1,1,2,1,0,0.41
44,Spain,22,20,102.9,22,4,1,3.4,0,5,2,0,0,0.41
64,France,2,18,100.6,24,2,12,2.8,0,1,0,0,0,0.41
54,Germany,26,11,114.78,15,0,9,3.6,0,0,1,0,0,0.41
41,Spain,19,17,63.14,26,2,13,3.4,1,5,1,1,0,0.41
39,Germany,41,22,67.6,10,0,6,3.6,0,3,2,0,0,0.41
42,Germany,56,15,134.76,29,3,8,2.5,0,3,1,1,0,0.41
23,Germany,51,10,108.12,13,0,13,4.3,0,0,0,1,0,0.41
38,Germany,42,5,67.39,24,0,17,4.0,0,0,3,1,0,0.405
62,United Kingdom,13,14,96.55,15,0,6,3.7,1,0,2,1,0,0.405
62,Spain,4,28,111.81,19,4,11,5.0,0,3,2,0,0,0.405
37,Spain,13,17,99.98,13,1,11,3.5,0,0,0,0,0,0.405
39,France,43,30,183.8,12,1,9,5.0,0,5,4,0,0,0.405
22,France,18,28,66.37,24,0,11,1.0,0,2,1,0,0,0.405
45,Senegal,3,0,82.35,30,1,18,3.6,0,0,3,0,0,0.405
62,Spain,7,11,196.82,24,1,24,4.5,0,0,0,0,0,0.405
25,Germany,8,7,226.54,31,1,11,2.8,0,2,2,0,0,0.405
25,United Kingdom,59,23,212.17,9,2,8,3.3,0,1,2,0,0,0.405
61,United Kingdom,57,20,218.51,11,1,12,4.3,1,2,3,0,0,0.4
39,Spain,21,13,36.94,2,3,17,2.6,0,2,2,1,0,0.4
62,Spain,50,10,126.82,1,1,17,5.0,1,0,3,0,0,0.4
28,United Kingdom,21,17,108.72,30,3,18,3.0,1,6,0,0,0,0.4
32,Spain,16,30,126.81,21,3,6,4.0,0,0,0,0,0,0.4
34,Portugal,7,22,100.82,11,1,18,3.5,0,4,3,1,0,0.4
47,United Kingdom,60,29,196.1,22,1,8,3.2,0,5,0,0,0,0.4
31,Senegal,6,16,229.07,23,1,12,4.6,1,5,2,1,0,0.4
61,France,30,14,132.68,21,1,13,4.5,0,1,5,0,0,0.4
24,Spain,3,29,94.48,20,1,6,2.6,0,1,0,1,0,0.4
45,France,45,10,232.82,15,3,16,4.2,0,3,1,1,0,0.4
48,France,35,12,121.41,22,1,18,3.2,0,4,2,1,0,0.4
32,Portugal,18,29,130.12,25,1,8,2.1,1,3,1,0,0,0.4
33,United Kingdom,8,19,91.16,22,1,22,4.7,1,6,3,0,0,0.4
32,Germany,24,8,223.08,11,1,0,4.5,0,0,1,0,0,0.4
33,United Kingdom,56,18,145.1,13,1,0,3.9,0,6,2,0,0,0.4
38,Senegal,50,19,58.25,1,2,22,4.4,0,3,0,0,0,0.395
32,Senegal,40,22,247.48,5,1,9,2.9,1,2,1,0,0,0.395
62,Germany,52,17,160.89,22,0,15,2.7,0,8,1,0,0,0.395
25,Portugal,49,31,70.14,1,1,19,3.9,0,3,1,0,0,0.395
30,Portugal,49,30,50.12,7,0,7,3.4,0,6,3,0,0,0.395
38,France,41,21,96.31,13,2,2,3.4,0,8,5,1,0,0.395
33,Spain,54,23,104.31,5,0,18,3.1,0,6,2,0,0,0.395
28,United Kingdom,8,23,193.73,27,2,16,3.4,0,4,1,0,0,0.395
20,Senegal,48,18,83.13,17,2,10,3.7,1,3,3,0,0,0.395
28,Germany,40,0,72.8,34,1,17,3.1,0,0,3,1,0,0.395
27,Senegal,6,18,149.09,24,2,9,4.4,0,1,0,0,0,0.39
42,France,60,17,46.22,40,3,4,2.8,1,9,3,0,0,0.39
21,Portugal,35,18,116.43,17,0,10,2.9,0,1,0,0,0,0.39
32,Germany,4,20,153.06,32,1,15,3.7,0,3,0,1,0,0.39
34,Germany,31,28,171.48,5,4,16,4.2,1,2,1,0,0,0.39
29,United Kingdom,2,23,123.6,19,0,10,2.8,0,0,1,0,0,0.39
30,Senegal,16,12,89.38,34,2,9,2.7,1,5,0,1,0,0.39
34,Germany,45,13,90.81,13,1,17,4.4,1,3,2,0,0,0.39
59,Portugal,1,19,191.22,20,2,12,4.0,0,3,1,1,0,0.39
46,Senegal,47,20,60.55,14,2,0,1.6,0,2,0,0,0,0.385
38,United Kingdom,37,6,44.4,21,1,6,4.7,0,0,3,0,0,0.385
20,Germany,7,35,77.79,9,3,12,4.9,0,3,3,0,0,0.385
59,France,60,10,154.37,13,2,10,2.8,0,0,0,1,0,0.385
54,Germany,55,12,116.24,6,2,4,3.6,0,6,0,0,0,0.385
24,United Kingdom,51,3,196.93,20,1,20,3.7,0,2,1,0,0,0.385
62,Portugal,52,14,197.49,13,3,8,3.1,1,3,0,0,0,0.385
35,Senegal,40,12,56.18,18,1,10,3.9,0,3,1,1,0,0.385
40,Spain,37,16,106.75,6,1,16,2.5,1,0,0,0,0,0.385
18,Spain,32,23,166.96,3,2,13,4.1,0,5,1,1,0,0.385
32,Germany,7,28,164.89,20,1,21,3.0,0,1,1,1,0,0.385
47,Spain,9,26,108.16,14,0,14,4.0,1,4,2,0,0,0.38
23,Spain,2,20,84.29,30,1,6,4.2,0,2,0,0,0,0.38
48,Germany,11,28,304.84,24,1,7,2.6,1,4,3,0,0,0.38
51,United Kingdom,27,0,100.69,32,1,4,2.2,1,6,1,0,0,0.38
18,Senegal,45,11,33.85,4,0,2,2.9,0,8,0,1,0,0.38
18,Portugal,57,20,83.08,19,1,8,3.0,0,5,0,0,0,0.38
59,France,23,35,118.91,12,0,26,2.8,0,2,1,0,0,0.38
26,Portugal,44,9,88.47,28,0,7,1.6,1,5,2,0,0,0.38
53,Germany,52,12,196.51,23,0,5,4.6,0,6,3,1,0,0.38
22,Spain,48,31,56.69,16,3,8,3.5,0,0,1,0,0,0.38
50,United Kingdom,53,26,74.42,14,1,9,3.1,1,5,4,0,0,0.38
56,Portugal,51,24,158.36,10,1,14,2.4,0,0,0,1,0,0.38
39,Spain,17,31,117.53,31,3,5,3.1,0,3,1,0,0,0.38
33,United Kingdom,4,12,223.07,26,3,16,4.0,0,0,2,0,0,0.38
42,Senegal,8,27,180.86,25,0,6,3.4,0,1,1,0,0,0.38
19,France,47,15,92.4,12,0,6,1.9,1,5,1,1,0,0.375
27,France,8,7,92.93,38,1,6,4.5,0,7,3,0,0,0.375
57,Spain,6,23,73.64,4,1,12,4.2,0,5,3,1,0,0.375
20,France,58,28,86.75,10,1,13,3.3,1,1,2,0,0,0.375
29,France,4,10,115.92,17,1,17,3.9,0,9,2,1,0,0.375
21,Senegal,56,23,183.92,21,1,10,2.4,0,1,4,0,0,0.375
23,United Kingdom,15,33,148.3,10,0,0,4.1,1,6,3,0,0,0.375
62,Senegal,13,28,89.53,17,0,24,2.5,1,0,2,0,0,0.375
26,Germany,32,39,145.18,23,3,14,3.7,0,0,2,0,0,0.375
58,Senegal,30,33,153.72,6,2,2,4.8,0,6,3,0,0,0.375
36,Spain,49,5,134.55,20,1,22,4.0,0,0,3,1,0,0.375
52,United Kingdom,9,15,119.13,30,0,11,3.5,0,0,2,0,0,0.375
20,Senegal,55,36,246.03,27,4,11,3.0,0,7,0,0,0,0.375
40,France,46,26,116.03,16,1,10,4.1,0,7,2,1,0,0.375
46,United Kingdom,49,1,105.19,10,2,4,4.9,1,5,1,0,0,0.37
62,Spain,34,23,150.87,11,1,11,3.3,0,3,3,0,0,0.37
60,France,55,14,224.6,26,3,13,2.5,0,3,1,0,0,0.37
53,Germany,9,36,171.23,15,0,12,3.3,0,2,2,1,0,0.37
27,Senegal,57,8,82.86,36,3,12,2.6,0,10,0,1,0,0.37
53,Senegal,44,11,54.03,23,2,12,4.0,1,4,1,0,0,0.37
44,Senegal,2,23,127.12,11,1,9,5.0,0,4,2,0,0,0.37
34,Portugal,9,9,221.18,37,2,23,2.9,0,7,2,0,0,0.37
38,Portugal,48,0,131.86,6,1,19,3.5,0,3,0,0,0,0.37
22,Germany,55,30,51.63,21,3,7,3.8,1,5,0,0,0,0.37
40,Portugal,56,23,62.72,22,2,9,3.4,0,0,3,1,0,0.37
34,France,54,8,244.53,18,0,5,3.4,1,0,1,0,0,0.37
29,United Kingdom,30,7,273.76,26,2,12,2.8,0,3,0,0,0,0.37
28,France,53,21,86.58,15,2,9,4.2,0,1,0,0,0,0.37
22,France,5,22,116.26,11,2,9,4.3,0,4,1,0,0,0.37
53,Germany,60,15,66.52,2,0,21,3.4,0,0,0,1,0,0.37
26,Germany,56,42,203.23,23,0,10,2.1,0,6,1,0,0,0.37
36,Germany,58,20,74.35,1,3,11,3.9,0,7,2,0,0,0.37
35,Germany,57,12,110.21,16,1,22,4.2,1,5,2,0,0,0.37
41,Germany,58,8,51.42,22,1,18,4.3,1,2,1,0,0,0.37
47,Spain,22,13,88.37,23,1,7,3.6,0,1,2,0,0,0.37
22,Senegal,32,19,143.22,17,2,17,3.4,1,5,3,1,0,0.365
65,Portugal,14,21,90.43,28,2,18,2.0,0,4,1,0,0,0.365
39,Senegal,49,12,47.71,12,1,15,3.8,0,2,1,0,0,0.365
27,Spain,19,21,42.0,15,0,6,4.8,0,4,4,1,0,0.365
40,Spain,54,11,229.99,22,0,24,3.3,1,0,2,0,0,0.365
31,Spain,41,7,89.84,22,1,17,4.1,1,3,0,0,0,0.365
52,Spain,24,26,131.43,10,0,6,3.2,1,5,1,0,0,0.365
54,France,27,17,111.01,18,1,8,3.8,1,4,3,0,0,0.365
62,Spain,5,16,89.87,28,1,20,2.4,0,2,3,1,0,0.365
20,Germany,2,17,44.74,30,0,17,3.1,0,0,2,0,0,0.365
28,United Kingdom,59,29,112.74,6,3,11,2.8,0,0,0,0,0,0.365
22,Portugal,45,21,99.95,16,2,13,2.4,1,1,2,0,0,0.365
55,United Kingdom,15,30,165.25,28,0,18,2.1,0,0,2,0,0,0.36
38,Senegal,10,11,120.03,15,0,4,4.9,1,0,1,0,0,0.36
43,France,29,13,164.72,26,1,12,3.7,1,2,2,0,0,0.36
39,Spain,7,21,99.24,17,1,1,3.8,0,2,2,0,0,0.36
41,Portugal,44,4,103.48,35,2,12,2.9,0,2,2,0,0,0.36
44,Spain,5,29,216.72,19,1,29,2.2,1,3,1,0,0,0.36
63,France,46,11,93.46,17,0,11,1.8,0,0,0,1,0,0.36
59,Senegal,46,21,80.96,6,1,22,3.9,1,2,1,0,0,0.36
38,Germany,6,4,149.93,32,2,17,4.7,0,4,2,0,0,0.36
47,Germany,3,0,83.55,30,0,6,1.0,1,1,1,0,0,0.36
65,United Kingdom,47,20,123.89,4,0,21,4.2,0,5,5,1,0,0.36
29,Senegal,60,20,95.26,14,0,15,3.9,0,5,2,0,0,0.36
29,Spain,43,19,139.67,25,0,6,3.2,0,4,1,0,0,0.36
58,Portugal,10,12,85.94,18,0,11,4.7,1,6,0,1,0,0.36
45,Portugal,54,25,207.68,18,0,7,3.0,1,10,0,1,0,0.36
23,Senegal,39,22,98.07,23,1,15,3.1,1,4,1,0,0,0.36
44,Germany,58,21,70.4,15,1,15,3.7,0,4,1,0,0,0.36
19,France,53,0,164.1,39,1,26,4.7,0,2,1,0,0,0.36
62,United Kingdom,55,12,82.88,22,3,8,3.6,0,3,2,1,0,0.36
29,United Kingdom,54,0,114.95,32,2,13,4.8,1,2,0,0,0,0.355
45,Germany,58,33,79.57,4,7,4,4.6,1,6,3,0,0,0.355
36,United Kingdom,29,21,149.13,4,1,12,4.6,0,1,2,0,0,0.355
20,Portugal,16,17,97.86,27,0,7,3.8,1,5,2,0,0,0.355
30,United Kingdom,49,7,51.99,34,1,4,2.0,0,0,1,0,0,0.355
29,Senegal,40,5,152.76,22,0,5,3.7,0,2,2,0,0,0.355
58,Portugal,28,19,82.13,30,2,8,3.1,0,9,2,0,0,0.355
37,Germany,21,28,84.58,32,2,0,3.2,0,8,1,0,0,0.355
43,Germany,45,11,165.42,56,4,4,3.1,0,3,1,1,0,0.355
34,France,57,21,133.74,27,3,14,4.3,0,4,0,0,0,0.355
33,Spain,45,19,84.59,1,2,7,5.0,0,4,6,0,0,0.355
20,Portugal,23,8,206.54,39,0,15,4.1,0,4,3,0,0,0.355
58,Spain,39,11,185.47,40,1,8,3.5,1,5,3,0,0,0.355
52,Germany,29,17,110.88,30,3,13,2.5,1,3,0,1,0,0.355
45,Portugal,21,1,82.23,54,0,8,3.6,0,0,2,1,0,0.355
36,Senegal,26,5,94.68,31,1,20,4.0,0,0,4,0,0,0.355
25,France,56,20,157.49,8,0,11,3.5,0,2,0,0,0,0.35
24,Portugal,11,16,94.21,26,2,13,3.6,0,1,2,1,0,0.35
23,Germany,59,11,87.78,6,2,5,3.1,0,3,0,0,0,0.35
37,United Kingdom,24,19,205.34,30,1,12,2.8,0,5,0,0,0,0.35
50,United Kingdom,46,12,73.26,17,1,9,3.7,1,0,3,0,0,0.35
27,Spain,9,24,65.85,13,1,11,3.9,0,5,0,0,0,0.35
60,United Kingdom,15,1,112.85,33,1,22,4.4,0,2,3,0,0,0.35
63,France,34,2,77.25,34,0,15,2.8,0,3,2,1,0,0.35
58,Senegal,4,21,136.97,31,0,6,4.1,0,5,1,0,0,0.35
30,Portugal,8,21,96.06,12,2,20,2.2,0,0,0,1,0,0.35
58,Portugal,7,19,113.02,41,0,5,4.0,1,0,4,0,0,0.345
64,Portugal,21,19,197.78,18,0,26,2.6,1,0,1,0,0,0.345
42,Senegal,45,36,151.49,6,2,0,3.2,0,2,1,1,0,0.345
31,Spain,44,9,98.55,13,0,19,4.3,1,3,2,1,0,0.345
65,Senegal,49,0,96.22,2,0,17,4.4,1,8,1,1,0,0.345
44,France,3,9,76.13,33,1,2,3.1,1,7,1,0,0,0.345
36,United Kingdom,11,23,111.73,25,1,7,2.8,1,5,1,0,0,0.34
37,France,42,13,150.02,9,2,15,3.7,0,2,0,0,0,0.34
30,Portugal,39,1,181.1,16,0,15,5.0,0,2,1,0,0,0.34
22,Senegal,59,15,103.58,32,0,13,3.9,0,7,5,0,0,0.34
36,Portugal,2,23,81.66,26,1,19,3.9,0,4,1,0,0,0.34
47,Spain,25,22,84.72,16,0,7,2.9,1,2,3,0,0,0.34
32,Portugal,51,25,70.77,1,3,5,3.7,1,4,0,0,0,0.34
49,Germany,35,22,87.93,7,0,11,4.1,1,5,1,0,0,0.34
50,Senegal,47,20,179.17,22,1,7,2.9,0,5,2,0,0,0.34
59,France,36,7,197.56,30,1,20,3.5,1,1,3,0,0,0.34
24,France,1,18,148.24,33,3,19,2.3,0,0,2,1,0,0.34
30,United Kingdom,4,28,103.1,36,1,5,3.2,0,3,5,0,0,0.34
22,Germany,52,41,173.56,16,0,23,2.7,0,0,2,0,0,0.34
61,Spain,55,0,131.45,31,0,22,3.0,0,10,2,0,0,0.34
47,United Kingdom,11,10,154.63,30,2,24,4.9,0,3,1,0,0,0.34
45,France,2,18,186.06,21,2,14,4.1,0,5,2,1,0,0.34
31,Spain,39,29,103.79,16,0,18,1.0,0,6,0,1,0,0.34
50,Portugal,46,15,182.77,24,3,1,3.3,0,0,1,0,0,0.34
22,Senegal,14,54,117.22,23,1,1,3.8,0,5,0,0,0,0.34
24,Portugal,51,30,70.4,8,0,15,3.4,0,4,0,0,0,0.335
61,Germany,34,17,49.82,39,2,25,1.7,0,7,2,0,0,0.335
30,United Kingdom,58,15,155.44,8,1,7,4.3,0,3,0,0,0,0.335
62,Spain,7,24,118.47,29,0,7,2.7,0,2,1,0,0,0.335
47,France,19,32,198.64,16,3,21,5.0,0,6,1,0,0,0.335
31,Germany,37,30,81.92,3,0,21,4.3,0,3,3,0,0,0.335
51,United Kingdom,59,2,343.72,35,2,1,2.4,0,3,1,0,0,0.335
46,Germany,17,19,143.54,15,1,0,5.0,1,2,2,0,0,0.335
47,Spain,29,19,125.09,36,0,8,2.7,0,2,3,0,0,0.335
37,United Kingdom,36,18,97.83,9,0,12,5.0,0,0,1,0,0,0.335
18,Portugal,60,15,110.43,13,1,17,3.5,1,2,1,0,0,0.335
54,Germany,31,18,77.75,24,3,1,4.6,1,0,4,0,0,0.335
22,Spain,15,0,42.77,37,0,11,1.6,1,3,0,0,0,0.33
28,Portugal,60,19,70.15,20,0,2,5.0,0,0,3,1,0,0.33
39,France,27,8,287.19,23,0,3,3.4,0,0,1,0,0,0.33
28,Spain,49,32,149.62,25,3,13,3.3,1,0,2,0,0,0.33
61,United Kingdom,7,3,84.38,33,0,20,4.0,0,3,0,0,0,0.33
55,United Kingdom,54,7,224.37,38,3,10,2.0,0,8,0,1,0,0.33
25,United Kingdom,33,40,146.13,23,2,15,2.5,0,2,2,1,0,0.33
30,France,47,14,199.41,17,0,3,3.2,0,1,1,0,0,0.33
22,United Kingdom,46,14,218.16,12,0,22,3.7,0,3,1,0,0,0.33
55,Germany,33,20,68.18,24,0,20,3.4,0,3,4,0,0,0.33
49,France,30,16,65.85,30,3,17,3.4,1,0,2,1,0,0.33
35,Germany,34,22,59.75,1,1,2,4.5,0,0,1,1,0,0.33
63,Germany,29,9,103.98,1,0,16,5.0,1,0,1,0,0,0.33
44,United Kingdom,54,19,110.1,27,1,20,1.2,1,5,0,1,0,0.33
46,France,11,3,61.3,37,1,16,4.8,0,2,2,0,0,0.33
58,France,9,17,51.04,11,0,14,4.9,0,0,1,1,0,0.325
54,United Kingdom,20,30,91.33,15,1,9,3.5,1,4,2,1,0,0.325
38,Portugal,52,29,90.5,28,1,3,3.2,0,2,2,0,0,0.325
59,Germany,41,11,221.14,25,2,11,3.1,1,2,1,0,0,0.325
31,United Kingdom,42,14,72.12,14,0,16,3.3,1,2,0,0,0,0.325
46,Germany,48,20,251.24,31,3,17,3.0,0,6,2,0,0,0.325
61,France,38,15,58.21,1,0,14,5.0,0,1,2,0,0,0.325
45,France,50,27,228.54,11,2,0,3.2,0,0,0,0,0,0.325
22,Senegal,58,9,221.85,16,1,8,4.5,1,2,2,0,0,0.325
58,Portugal,36,20,156.31,7,4,2,3.7,1,5,0,1,0,0.325
26,France,53,12,141.5,2,1,5,4.8,1,3,1,1,0,0.325
50,United Kingdom,27,5,152.66,35,2,16,2.6,0,0,2,0,0,0.325
60,Portugal,2,18,48.8,34,0,7,3.9,0,6,1,0,0,0.325
19,United Kingdom,11,18,102.36,15,0,10,3.9,0,4,2,1,0,0.325
20,Spain,54,13,95.64,20,0,1,3.6,0,5,1,0,0,0.32
29,Senegal,46,22,132.28,5,0,0,3.6,0,1,0,0,0,0.32
63,United Kingdom,33,12,195.76,21,1,30,3.9,0,5,3,0,0,0.32
58,Germany,38,20,152.69,12,0,10,1.9,1,4,0,1,0,0.32
64,Spain,11,21,98.83,25,2,5,3.8,1,4,2,0,0,0.32
49,Germany,49,0,77.46,43,0,15,4.5,0,2,2,0,0,0.32
42,Spain,9,10,82.99,35,1,15,2.7,0,3,0,0,0,0.32
45,United Kingdom,50,13,61.23,25,0,10,2.4,0,4,2,0,0,0.32
24,Portugal,11,31,42.2,20,1,2,3.2,1,0,1,0,0,0.32
58,Germany,52,21,100.04,30,3,11,3.1,1,0,5,0,0,0.32
27,Spain,30,19,52.38,19,0,17,4.3,0,1,3,0,0,0.315
57,Germany,6,20,186.81,8,0,6,5.0,1,4,1,0,0,0.315
19,Senegal,19,27,232.9,24,1,9,3.9,1,0,0,0,0,0.315
39,United Kingdom,58,29,82.4,30,3,18,1.3,1,0,2,0,0,0.315
50,Portugal,3,34,147.84,15,2,19,3.6,0,6,3,0,0,0.315
32,Germany,22,27,123.66,25,0,17,4.1,0,0,3,0,0,0.315
26,Spain,52,17,196.15,1,2,6,4.8,0,1,1,0,0,0.315
20,Spain,60,25,46.59,1,1,8,3.5,0,7,1,0,0,0.315
35,Senegal,45,19,134.33,1,1,21,4.5,0,6,0,0,0,0.315
34,Spain,59,18,138.9,27,3,14,3.8,1,0,1,0,0,0.315
36,United Kingdom,34,36,38.64,23,1,2,2.5,0,3,3,0,0,0.315
49,Senegal,51,12,220.47,38,0,11,3.5,0,0,3,0,0,0.315
53,France,8,26,89.08,12,1,19,3.8,1,1,1,0,0,0.315
55,Spain,6,14,126.94,26,0,1,4.5,1,7,0,0,0,0.315
18,France,55,12,77.71,21,0,0,5.0,1,3,2,0,0,0.315
47,Portugal,15,14,266.48,16,0,7,5.0,0,0,1,0,0,0.315
35,Germany,17,20,159.15,10,1,10,4.7,1,8,3,0,0,0.315
43,Portugal,48,26,55.5,24,2,0,3.0,1,5,0,0,0,0.315
19,France,21,0,64.19,50,2,16,2.0,1,5,1,0,0,0.31
46,France,49,17,104.09,40,3,16,4.6,0,4,0,0,0,0.31
18,Senegal,56,5,135.5,31,0,7,4.6,0,0,3,0,0,0.31
42,United Kingdom,26,15,139.66,28,1,22,3.2,1,3,2,0,0,0.31
57,Portugal,25,17,168.48,10,2,1,4.8,1,6,2,0,0,0.31
41,Spain,12,18,85.5,41,2,11,1.7,0,1,4,0,0,0.31
54,Portugal,12,14,137.52,37,2,8,4.3,0,2,2,0,0,0.31
49,France,49,4,204.68,18,1,11,4.1,0,0,1,0,0,0.31
49,United Kingdom,25,13,122.5,17,0,18,4.5,1,8,1,0,0,0.31
64,Portugal,38,19,88.11,11,1,18,2.7,0,2,2,1,0,0.31
29,Spain,8,28,128.39,19,2,7,4.1,0,3,0,0,0,0.31
39,United Kingdom,56,23,93.53,29,5,19,4.7,1,4,0,0,0,0.305
37,Portugal,44,17,56.44,23,1,6,4.0,1,6,2,0,0,0.305
64,Spain,46,11,248.8,32,3,13,3.2,0,4,3,0,0,0.305
44,Senegal,12,0,56.94,34,2,18,3.2,0,4,2,1,0,0.305
39,Senegal,6,0,273.71,32,0,6,2.6,1,0,1,1,0,0.305
30,Spain,1,14,116.18,23,0,6,5.0,0,4,0,1,0,0.305
44,Spain,34,13,344.72,21,2,2,4.2,1,7,1,0,0,0.305
65,Germany,11,14,103.12,23,0,11,3.4,1,3,1,0,0,0.305
26,Senegal,16,5,114.21,41,2,14,3.5,1,2,3,1,0,0.305
40,Spain,33,36,70.75,15,1,31,3.3,0,3,4,0,0,0.305
27,Spain,41,22,57.29,26,1,7,3.3,0,3,1,1,0,0.305
21,France,10,7,130.88,31,0,19,5.0,1,1,1,0,0,0.305
26,United Kingdom,56,15,75.93,23,1,17,3.4,1,0,3,0,0,0.305
49,Portugal,42,24,43.13,30,3,4,4.5,0,1,1,0,0,0.305
38,Senegal,30,11,825.17,34,1,18,4.5,0,8,3,0,0,0.305
18,Spain,15,27,493.65,2,1,19,3.4,1,9,1,0,0,0.305
39,Portugal,31,16,57.32,45,1,5,2.3,0,2,3,0,0,0.305
59,Germany,59,15,48.45,24,0,8,4.7,0,6,3,0,0,0.305
34,Portugal,52,19,110.94,44,0,0,2.9,1,0,2,1,0,0.305
61,Portugal,25,22,49.15,13,2,0,2.3,0,0,1,1,0,0.305
24,Senegal,32,23,128.78,24,0,24,3.4,1,3,1,0,0,0.305
64,Germany,50,15,92.17,6,0,0,2.8,0,0,0,1,0,0.305
37,Portugal,25,22,81.9,23,0,19,2.3,0,0,1,0,0,0.3
64,France,54,18,105.16,33,3,9,3.3,0,0,0,1,0,0.3
31,Germany,53,29,94.17,23,1,1,2.3,1,5,0,0,0,0.3
41,France,58,22,155.94,30,1,1,3.3,0,3,1,0,0,0.3
33,Senegal,10,17,94.52,32,0,9,4.2,0,0,0,0,0,0.3
32,Portugal,42,14,269.74,18,0,16,3.7,0,4,1,0,0,0.3
51,France,57,21,111.53,19,1,9,4.3,0,3,1,0,0,0.3
52,United Kingdom,34,27,61.64,23,0,14,3.0,0,2,3,0,0,0.3
55,Senegal,21,21,103.17,23,2,6,3.5,0,0,0,0,0,0.3
31,Spain,40,22,94.44,2,2,15,4.0,0,7,1,0,0,0.3
63,Senegal,56,24,94.18,23,0,3,2.7,1,9,1,0,0,0.3
18,France,54,20,137.46,13,0,7,2.7,0,0,1,0,0,0.3
56,Portugal,14,27,119.17,25,1,7,3.3,0,7,1,0,0,0.295
21,Senegal,48,8,110.04,12,1,19,4.7,1,1,1,1,0,0.295
44,France,10,27,185.77,21,0,10,4.2,0,3,2,0,0,0.295
59,Senegal,42,23,170.28,44,0,0,3.8,0,1,6,0,0,0.295
63,Spain,49,26,154.96,10,1,12,4.2,0,0,1,0,0,0.295
60,United Kingdom,51,8,85.89,25,0,15,5.0,0,3,3,0,0,0.29
29,United Kingdom,23,38,203.03,21,1,13,4.1,0,0,3,0,0,0.29
60,United Kingdom,57,16,134.39,12,0,22,3.5,1,7,1,0,0,0.29
54,France,45,31,55.67,6,1,0,3.6,1,3,0,0,0,0.29
61,Germany,23,12,207.1,33,1,8,4.3,0,1,0,0,0,0.29
18,Senegal,18,25,89.45,40,0,6,3.8,0,7,1,1,0,0.29
26,Spain,35,26,176.34,26,0,17,3.7,0,9,2,0,0,0.29
54,Senegal,22,44,104.69,14,2,6,4.2,0,5,1,0,0,0.29
23,Senegal,9,0,95.64,35,1,21,4.1,0,0,0,0,0,0.29
35,France,24,5,58.41,35,0,5,3.5,0,2,4,0,0,0.29
41,France,39,18,78.33,27,2,7,3.7,0,1,0,0,0,0.29
33,Portugal,42,22,212.12,22,1,0,3.3,0,0,1,0,0,0.29
53,Spain,49,16,56.87,26,1,7,3.8,0,4,0,0,0,0.29
29,Senegal,28,9,42.8,41,0,12,4.2,0,3,0,0,0,0.29
59,United Kingdom,46,20,57.78,13,0,19,5.0,0,2,0,0,0,0.285
41,Portugal,57,32,36.87,31,2,10,2.9,0,1,0,0,0,0.285
23,Germany,7,38,77.21,25,1,2,3.9,0,1,1,0,0,0.285
26,Portugal,58,8,100.96,25,1,5,4.5,0,2,0,0,0,0.285
20,Spain,51,17,61.3,29,2,0,3.3,0,1,1,0,0,0.285
35,Spain,53,25,249.36,21,1,16,5.0,0,3,4,0,0,0.285
52,Senegal,25,23,62.6,34,1,12,3.1,0,0,2,0,0,0.285
32,France,57,9,214.82,42,2,21,2.5,1,6,1,0,0,0.285
55,Germany,20,26,86.74,29,0,9,3.8,0,8,0,1,0,0.285
61,United Kingdom,34,21,242.02,38,0,10,3.6,0,5,4,1,0,0.285
46,Spain,53,14,70.63,18,0,14,3.4,0,6,0,0,0,0.285
61,United Kingdom,10,25,164.48,26,3,3,3.3,0,3,0,0,0,0.285
34,Germany,57,21,81.13,27,1,12,3.5,0,0,1,0,0,0.28
57,United Kingdom,1,13,96.62,23,1,8,4.6,0,5,1,0,0,0.28
44,Senegal,32,35,155.8,8,4,1,3.6,0,0,0,0,0,0.28
38,United Kingdom,17,22,109.26,17,0,18,3.3,0,3,2,0,0,0.28
49,United Kingdom,59,19,137.76,29,2,13,2.2,1,3,1,0,0,0.28
56,Senegal,24,15,135.4,28,1,13,3.7,1,3,2,0,0,0.28
31,Spain,25,20,315.76,36,1,10,3.8,1,1,1,0,0,0.28
38,France,58,10,102.64,24,1,16,3.1,0,0,1,1,0,0.28
52,Spain,59,18,141.0,35,0,11,3.9,0,1,1,0,0,0.28
46,Spain,37,7,101.08,56,1,12,3.1,0,6,2,0,0,0.275
36,Senegal,10,20,90.35,25,0,17,5.0,0,0,3,0,0,0.275
22,France,13,7,91.36,29,1,4,2.0,1,0,4,1,0,0.275
62,United Kingdom,59,17,71.78,8,3,20,3.5,0,5,1,0,0,0.275
65,United Kingdom,30,22,146.98,12,0,4,3.5,1,7,2,0,0,0.275
38,Spain,58,26,127.67,15,0,4,3.3,1,4,2,0,0,0.275
38,France,38,25,396.78,38,2,8,3.2,0,5,1,0,0,0.275
55,France,40,15,229.48,22,2,9,2.7,0,3,0,0,0,0.275
37,Germany,38,20,177.94,24,0,10,3.8,0,2,0,0,0,0.275
65,Senegal,54,13,117.43,33,2,14,2.2,0,9,1,0,0,0.275
23,Germany,29,2,199.09,36,1,9,4.0,0,0,1,0,0,0.27
47,Senegal,47,19,122.7,19,1,22,3.4,1,0,2,0,0,0.27
54,Senegal,48,10,78.03,32,1,14,5.0,1,0,4,0,0,0.27
38,Spain,10,25,118.11,19,1,15,4.5,1,4,2,0,0,0.27
62,Senegal,47,24,230.06,27,0,12,3.8,0,4,2,1,0,0.27
58,Portugal,35,33,84.55,8,0,16,4.1,0,3,2,0,0,0.27
25,Portugal,27,10,128.7,28,0,19,4.7,0,1,3,0,0,0.27
41,Portugal,60,39,71.91,16,2,15,2.9,0,6,1,0,0,0.27
44,France,1,20,232.47,35,0,8,4.4,0,6,1,1,0,0.27
61,Spain,32,22,71.4,11,0,8,5.0,1,2,3,0,0,0.27
32,United Kingdom,35,11,54.72,41,2,13,3.1,0,0,1,0,0,0.27
57,United Kingdom,44,33,327.33,19,1,15,3.4,0,2,2,1,0,0.27
26,France,25,31,116.44,30,1,8,3.8,1,5,2,0,0,0.265
57,France,16,32,54.31,32,3,24,3.3,0,1,0,0,0,0.265
48,Portugal,51,27,58.22,25,0,24,2.2,0,1,0,0,0,0.265
29,Germany,23,16,139.59,43,1,11,2.3,0,4,2,0,0,0.265
62,Germany,51,22,191.23,19,1,10,3.8,1,5,3,0,0,0.265
62,United Kingdom,44,0,87.39,10,0,11,4.8,1,1,1,0,0,0.265
48,Spain,45,26,144.88,32,3,6,5.0,1,5,0,0,0,0.265
25,Spain,28,17,80.14,36,2,21,3.3,1,5,3,0,0,0.265
62,Senegal,26,29,184.85,28,2,14,4.3,0,0,3,0,0,0.265
28,Senegal,57,10,112.7,32,1,9,3.5,0,2,1,1,0,0.265
36,United Kingdom,52,21,127.35,18,1,13,3.9,1,5,2,1,0,0.265
46,Senegal,3,12,72.96,36,2,9,4.2,0,4,0,0,0,0.265
29,Germany,40,26,35.84,31,0,12,3.0,0,0,3,0,0,0.265
49,Senegal,49,5,98.02,23,1,0,3.3,0,2,1,1,0,0.26
50,United Kingdom,3,33,36.35,42,2,7,2.6,1,1,3,0,0,0.26
60,Senegal,24,15,159.07,34,0,14,3.9,0,2,2,0,0,0.26
60,Senegal,11,16,101.9,22,0,20,3.8,1,6,0,0,0,0.26
51,France,23,14,120.95,34,0,8,3.3,0,1,2,0,0,0.26
62,Germany,15,13,157.48,28,2,13,5.0,0,2,1,1,0,0.26
37,Senegal,9,33,130.17,15,0,3,3.9,1,4,0,0,0,0.26
48,France,5,21,134.82,41,1,17,3.9,0,1,2,1,0,0.26
64,Germany,44,9,115.91,17,0,12,5.0,0,3,1,0,0,0.26
47,France,33,13,78.14,38,1,7,4.1,0,2,3,0,0,0.26
38,Spain,37,26,144.61,27,0,0,3.4,1,2,3,0,0,0.26
29,France,54,32,130.9,29,0,20,4.0,0,8,4,0,0,0.255
50,Germany,6,41,47.45,30,0,0,2.7,0,1,2,0,0,0.255
62,Senegal,49,14,62.94,33,1,11,3.5,1,8,0,0,0,0.255
64,Portugal,10,26,150.6,31,1,15,4.3,1,8,0,0,0,0.255
38,Senegal,4,21,67.21,25,1,10,3.8,1,0,1,0,0,0.255
58,United Kingdom,47,14,137.95,28,2,21,3.4,0,1,2,1,0,0.25
37,Portugal,39,23,166.76,39,3,20,2.1,1,4,1,0,0,0.25
50,Spain,45,31,91.67,46,0,25,2.1,0,0,3,0,0,0.25
61,Germany,56,27,187.14,21,1,9,3.9,1,0,4,0,0,0.25
19,Portugal,32,24,171.57,1,2,18,4.8,0,1,2,0,0,0.25
22,France,56,26,196.26,9,0,24,4.3,1,4,0,0,0,0.25
41,Germany,7,21,145.56,41,0,14,2.1,1,1,3,0,0,0.245
49,Senegal,34,25,86.96,15,2,17,3.7,0,2,1,0,0,0.24
27,Senegal,46,27,348.82,23,1,8,5.0,1,7,0,0,0,0.24
53,Spain,53,13,56.51,15,0,19,3.6,0,2,2,1,0,0.24
36,Spain,56,11,123.78,30,0,21,2.5,1,3,0,0,0,0.24
60,Portugal,6,28,231.71,31,1,13,3.1,0,2,3,0,0,0.24
65,France,56,20,134.59,13,0,6,4.0,1,7,0,0,0,0.24
31,Senegal,36,26,117.32,34,1,16,3.6,0,3,1,0,0,0.24
43,Germany,38,20,131.41,24,0,15,3.4,1,0,2,1,0,0.24
36,United Kingdom,19,19,45.51,36,2,4,4.2,0,4,1,0,0,0.24
27,Portugal,1,31,75.96,45,0,16,2.9,0,6,1,0,0,0.235
47,Senegal,45,15,61.4,31,0,17,4.4,0,0,3,1,0,0.235
23,Senegal,50,28,104.84,20,2,21,2.6,0,0,1,0,0,0.235
29,Spain,44,0,131.28,38,0,15,4.3,0,0,1,0,0,0.235
50,France,38,23,147.08,37,0,4,3.6,0,5,3,0,0,0.235
28,Portugal,54,26,121.79,11,2,5,4.7,0,5,2,0,0,0.235
34,United Kingdom,49,18,176.11,26,1,5,4.7,1,1,1,1,0,0.235
64,France,31,19,135.9,26,1,17,3.7,0,3,1,1,0,0.235
43,Germany,13,17,68.9,35,0,21,2.4,0,8,2,1,0,0.235
19,Spain,7,40,99.84,22,2,5,4.0,1,0,1,0,0,0.235
37,Portugal,8,25,56.38,30,1,16,4.8,0,0,1,0,0,0.23
57,Spain,29,48,224.4,20,1,21,4.0,0,5,1,0,0,0.23
36,France,42,34,153.46,16,1,10,2.6,0,2,0,0,0,0.23
34,Portugal,47,21,107.68,10,1,15,3.8,0,2,0,0,0,0.23
59,France,19,23,155.2,17,2,5,3.5,1,2,0,0,0,0.23
57,Portugal,56,19,92.73,43,2,18,3.5,0,5,2,1,0,0.23
42,Senegal,49,6,90.41,28,1,9,2.5,0,3,1,0,0,0.23
31,Spain,14,16,83.27,43,2,10,4.1,0,0,1,0,0,0.23
53,Portugal,40,0,54.1,47,1,13,3.3,0,3,2,0,0,0.23
54,Portugal,49,15,84.83,39,1,7,2.8,1,0,1,0,0,0.23
57,Senegal,34,24,82.04,16,0,5,3.5,0,1,1,0,0,0.23
32,Spain,50,27,60.4,31,1,0,3.6,0,1,2,1,0,0.23
63,Senegal,37,11,124.01,28,0,4,4.5,0,4,2,0,0,0.225
51,Germany,9,31,64.49,26,0,9,3.4,0,0,2,0,0,0.225
45,France,7,22,90.37,38,2,15,3.4,0,5,4,1,0,0.225
29,France,41,49,79.42,11,2,3,5.0,1,6,3,0,0,0.225
59,Senegal,13,25,216.68,50,0,12,3.2,1,5,2,0,0,0.225
26,Senegal,15,30,80.44,25,1,7,4.5,0,4,1,0,0,0.225
37,United Kingdom,46,24,134.62,32,1,2,3.6,1,1,0,0,0,0.225
60,France,50,14,76.63,20,2,14,3.5,0,0,1,1,0,0.225
63,France,32,4,115.04,29,0,14,3.7,0,1,1,0,0,0.225
57,Germany,54,25,43.71,35,2,9,3.1,0,2,1,0,0,0.22
35,Senegal,43,24,98.57,13,0,0,3.7,0,7,0,0,0,0.22
18,Spain,27,25,98.32,18,0,25,3.8,0,0,1,1,0,0.22
56,Germany,49,10,71.95,26,0,25,4.5,0,7,0,0,0,0.22
51,Germany,28,23,92.08,35,1,15,3.7,1,3,2,0,0,0.22
36,France,5,26,164.69,29,1,9,5.0,0,1,0,0,0,0.22
55,United Kingdom,1,22,117.36,34,0,14,2.8,0,8,0,0,0,0.22
59,France,8,34,77.74,35,1,13,1.5,1,2,1,0,0,0.22
18,United Kingdom,1,39,247.85,30,1,5,4.3,1,2,1,1,0,0.22
35,United Kingdom,50,9,106.51,33,0,12,2.3,1,4,1,0,0,0.22
57,Portugal,46,24,215.38,31,2,14,3.5,1,0,1,0,0,0.22
25,Senegal,12,30,58.61,16,0,22,3.8,0,0,2,0,0,0.22
63,United Kingdom,10,15,112.89,38,3,8,3.2,0,0,0,1,0,0.215
55,Portugal,40,51,67.71,14,0,17,3.3,0,5,1,0,0,0.215
48,Portugal,9,35,68.37,32,1,17,3.9,0,8,1,0,0,0.215
53,Germany,58,25,124.78,23,0,11,3.3,1,4,0,0,0,0.215
54,Senegal,52,10,234.48,28,1,13,4.2,0,5,1,0,0,0.215
47,Senegal,44,22,117.27,39,2,16,2.8,1,0,1,0,0,0.215
21,Germany,56,28,263.62,36,2,21,4.0,0,4,0,0,0,0.215
42,United Kingdom,24,24,77.02,45,1,5,3.5,1,3,3,0,0,0.215
50,France,4,23,129.08,21,0,13,5.0,0,0,5,1,0,0.215
60,France,60,29,112.49,24,1,19,4.4,0,5,3,0,0,0.215
64,United Kingdom,53,23,112.46,21,3,13,4.9,0,3,0,1,0,0.215
46,Senegal,40,24,122.06,33,0,16,3.9,0,2,3,0,0,0.215
50,Portugal,2,35,54.45,18,0,12,3.6,0,0,1,0,0,0.215
53,United Kingdom,59,23,119.45,16,0,0,3.5,0,0,0,0,0,0.21
56,Germany,13,28,74.89,33,2,16,3.2,1,0,2,0,0,0.21
29,Spain,26,24,70.56,19,0,17,3.2,0,0,1,0,0,0.21
65,Senegal,50,26,61.86,14,2,16,2.9,0,0,3,0,0,0.21
57,United Kingdom,44,21,122.02,26,0,5,4.0,0,0,0,1,0,0.21
35,Senegal,49,7,53.92,31,1,8,2.5,0,3,1,0,0,0.21
49,United Kingdom,41,17,163.21,23,2,3,4.6,0,3,0,0,0,0.21
49,France,23,19,49.61,25,0,10,4.4,0,2,1,0,0,0.21
61,United Kingdom,25,27,121.66,15,1,18,3.8,0,7,0,0,0,0.21
64,Germany,53,13,42.44,37,1,17,4.9,1,0,0,0,0,0.21
25,Portugal,5,34,100.95,22,0,5,4.9,0,3,1,0,0,0.21
48,Germany,2,20,133.48,42,1,1,2.7,1,1,0,0,0,0.205
58,France,50,28,136.56,27,0,6,3.7,0,3,1,0,0,0.205
38,Senegal,14,17,224.59,33,2,7,4.9,0,4,0,0,0,0.205
43,Spain,59,25,205.33,32,1,18,3.5,1,3,4,0,0,0.205
63,United Kingdom,43,10,120.01,24,1,6,3.6,0,2,0,1,0,0.205
58,Senegal,22,24,170.79,37,0,2,2.7,0,0,1,1,0,0.205
38,Germany,26,26,122.66,32,0,8,3.5,1,1,0,0,0,0.205
39,Portugal,25,37,365.94,40,2,15,2.4,1,0,0,0,0,0.205
34,France,16,31,61.7,24,1,10,5.0,1,2,2,0,0,0.205
40,Spain,31,23,44.07,16,1,5,4.5,0,3,2,0,0,0.2
56,Germany,6,20,61.7,38,0,17,3.6,1,4,2,0,0,0.2
34,United Kingdom,43,25,114.34,36,0,32,3.3,0,5,3,0,0,0.2
60,Portugal,38,25,73.14,42,0,9,3.8,0,7,3,0,0,0.2
53,Portugal,31,36,81.33,31,2,30,3.1,0,0,3,1,0,0.195
56,Senegal,34,16,60.68,47,1,8,3.6,0,6,0,1,0,0.195
45,Senegal,22,23,65.11,33,0,8,3.2,0,2,0,0,0,0.195
27,Germany,18,23,100.7,29,1,22,4.8,0,4,0,0,0,0.195
44,France,32,29,171.18,22,0,14,3.0,0,0,1,0,0,0.195
38,Spain,46,20,142.98,23,2,16,2.9,0,0,1,0,0,0.195
52,Spain,29,38,152.1,21,1,0,3.0,0,4,0,0,0,0.19
25,Spain,29,21,103.75,23,0,3,3.8,0,7,0,1,0,0.19
55,France,53,0,94.42,44,1,15,3.1,0,6,1,0,0,0.19
21,Germany,48,29,60.04,29,2,9,3.6,1,1,1,0,0,0.19
56,Germany,3,33,150.35,23,1,9,4.0,0,1,1,0,0,0.19
28,Portugal,60,33,145.39,39,0,10,3.9,0,5,1,0,0,0.19
54,Portugal,50,17,149.53,29,0,10,4.7,0,9,0,0,0,0.19
36,Senegal,55,21,47.58,43,1,8,4.3,1,6,3,0,0,0.19
25,France,60,36,122.54,23,0,22,4.2,0,1,1,0,0,0.185
52,Germany,31,26,99.07,31,1,4,4.6,0,3,3,0,0,0.185
38,Spain,47,21,123.79,37,1,0,4.5,0,0,3,0,0,0.185
46,Senegal,54,18,126.01,36,1,13,4.9,0,6,4,1,0,0.185
55,Germany,60,18,75.91,28,2,13,4.4,0,1,3,0,0,0.18
31,France,18,38,53.58,19,0,8,3.8,0,0,2,0,0,0.18
36,United Kingdom,5,20,69.98,45,1,12,3.6,0,2,3,1,0,0.18
58,France,22,20,156.93,36,2,7,3.8,0,0,1,0,0,0.18
31,Spain,31,29,92.63,36,1,23,1.3,0,3,2,1,0,0.18
43,Germany,14,27,50.04,29,1,8,5.0,0,0,0,0,0,0.175
32,Spain,53,24,116.36,35,1,30,5.0,0,4,2,0,0,0.175
41,Germany,48,23,114.3,35,1,6,3.1,0,3,0,0,0,0.175
56,Spain,2,27,119.48,37,2,14,2.4,0,3,1,0,0,0.175
53,Germany,32,17,103.39,38,2,8,4.0,0,2,0,0,0,0.175
24,France,5,41,66.92,32,1,7,3.6,1,0,1,1,0,0.175
44,Senegal,56,13,97.35,35,1,12,4.1,0,1,1,0,0,0.175
32,Spain,47,8,113.34,22,2,11,5.0,0,0,0,0,0,0.17
50,France,14,25,108.24,42,0,14,3.8,1,4,2,0,0,0.17
18,France,37,12,114.66,44,2,1,3.3,1,0,1,1,0,0.17
57,Spain,33,32,266.42,34,0,23,3.2,1,4,1,0,0,0.17
20,United Kingdom,39,18,217.31,36,2,16,4.2,1,0,0,0,0,0.17
53,Spain,24,26,54.88,42,2,8,3.4,0,3,0,1,0,0.17
51,Spain,12,31,110.75,28,0,15,3.2,0,3,0,1,0,0.165
25,Senegal,52,33,106.01,9,1,0,4.7,0,3,1,0,0,0.165
32,Portugal,41,30,87.7,35,1,22,3.9,1,3,0,0,0,0.165
32,United Kingdom,48,25,158.45,40,0,16,4.3,0,2,2,0,0,0.165
21,United Kingdom,16,21,107.24,23,0,17,4.8,0,3,0,0,0,0.165
56,Spain,1,19,86.12,33,0,17,2.3,1,2,1,0,0,0.165
38,Germany,30,37,81.93,24,2,12,4.1,0,0,1,0,0,0.16
57,Spain,31,22,194.87,25,0,6,5.0,0,6,2,0,0,0.16
42,Germany,22,33,169.05,45,0,12,2.9,0,2,4,0,0,0.16
65,France,45,24,102.38,11,0,7,3.6,0,3,2,1,0,0.16
40,United Kingdom,51,3,79.83,29,0,13,3.9,0,0,2,1,0,0.155
33,Germany,59,37,54.39,41,0,12,4.2,0,2,4,0,0,0.155
58,France,49,17,118.29,20,0,15,3.5,1,2,0,0,0,0.155
43,United Kingdom,35,17,73.05,47,1,8,4.3,1,3,0,0,0,0.155
54,Spain,12,30,125.5,26,1,13,3.3,0,2,1,0,0,0.155
41,United Kingdom,56,40,137.5,16,0,13,3.4,0,3,1,0,0,0.155
60,Portugal,6,39,126.64,35,2,5,2.5,1,0,1,0,0,0.15
47,France,58,24,104.24,22,2,16,4.0,1,0,1,0,0,0.15
63,France,54,13,86.9,26,1,17,4.3,0,0,0,0,0,0.15
55,France,59,5,185.02,37,2,3,4.0,1,0,1,0,0,0.15
56,Spain,33,13,67.84,45,1,17,3.7,1,4,0,0,0,0.15
30,Germany,58,28,67.0,19,1,14,4.2,1,1,0,0,0,0.15
55,Spain,37,27,83.57,29,2,15,3.5,1,0,1,0,0,0.15
64,United Kingdom,22,34,147.45,22,0,8,3.8,1,0,1,0,0,0.15
51,Spain,51,6,71.17,31,0,13,4.0,0,0,2,0,0,0.15
58,Germany,8,18,101.93,37,0,13,3.8,0,6,0,0,0,0.145
25,Germany,8,15,100.01,46,2,13,3.5,0,3,0,0,0,0.145
50,United Kingdom,22,31,187.32,34,1,20,3.1,0,0,1,0,0,0.145
45,France,40,9,188.39,31,0,14,3.4,0,1,2,0,0,0.145
39,United Kingdom,50,27,119.54,47,1,19,3.9,0,0,3,1,0,0.145
52,Portugal,56,18,72.24,40,0,16,5.0,0,2,1,0,0,0.14
65,Spain,33,42,60.29,20,1,25,3.7,0,2,1,0,0,0.14
37,Senegal,59,34,161.43,28,0,31,4.2,0,0,0,0,0,0.14
58,Senegal,24,42,144.64,45,1,17,4.0,0,4,1,0,0,0.14
28,France,46,26,181.68,36,1,18,5.0,0,6,3,0,0,0.14
56,Portugal,36,29,226.7,31,2,12,3.4,0,0,0,1,0,0.14
27,Germany,42,17,140.8,40,1,19,4.2,0,4,2,0,0,0.14
63,Portugal,37,34,123.35,33,2,20,4.8,0,7,0,0,0,0.14
19,Portugal,39,33,117.06,12,1,21,5.0,1,5,1,0,0,0.135
37,France,54,30,94.77,37,0,19,3.8,0,2,1,0,0,0.13
65,France,32,32,86.52,17,1,2,3.5,1,3,2,0,0,0.13
30,United Kingdom,56,27,130.91,38,1,14,3.8,0,3,1,0,0,0.13
43,United Kingdom,34,42,179.99,35,0,2,2.7,0,1,1,0,0,0.13
31,United Kingdom,21,24,169.2,43,1,15,3.8,0,9,1,0,0,0.13
30,Spain,40,31,134.69,13,1,20,5.0,0,2,2,0,0,0.13
42,United Kingdom,35,27,53.86,24,0,15,4.4,0,2,0,0,0,0.13
27,United Kingdom,33,28,86.96,42,0,2,3.3,1,3,1,0,0,0.13
46,Spain,50,13,168.82,38,1,9,4.2,1,0,0,0,0,0.125
41,France,45,26,87.6,54,1,6,4.1,0,5,1,0,0,0.12
38,Senegal,30,35,82.32,17,2,12,4.1,1,3,0,0,0,0.115
53,Spain,59,40,101.22,36,1,6,2.9,0,2,2,0,0,0.115
45,Spain,20,26,124.56,43,1,5,3.2,1,1,0,0,0,0.115
50,Spain,12,25,69.31,44,0,15,5.0,1,4,3,0,0,0.115
62,United Kingdom,55,29,151.77,49,2,8,3.9,1,4,1,0,0,0.11
44,United Kingdom,42,26,75.55,45,0,22,4.7,0,4,4,0,0,0.11
53,Spain,25,28,122.76,29,0,4,5.0,0,1,0,0,0,0.11
58,Germany,24,25,176.71,20,0,14,4.6,0,5,1,1,0,0.11
47,United Kingdom,12,20,127.17,47,1,10,5.0,0,3,1,0,0,0.11
37,Germany,36,24,62.6,47,0,0,4.0,0,4,0,0,0,0.11
64,Germany,55,21,70.2,53,1,17,2.9,0,5,2,0,0,0.105
54,Spain,13,33,124.53,36,0,13,5.0,0,0,4,0,0,0.1
55,United Kingdom,44,24,47.61,30,1,10,4.8,0,3,1,0,0,0.095
60,Spain,31,31,184.78,22,2,12,3.5,1,2,1,0,0,0.095
20,Senegal,37,43,55.73,19,1,6,4.6,0,6,0,0,0,0.09
62,Spain,25,30,90.77,39,0,8,3.3,0,8,2,0,0,0.09
52,France,6,36,128.36,43,0,6,4.2,0,1,2,0,0,0.09
38,United Kingdom,53,40,73.08,36,1,14,3.7,1,0,1,0,0,0.085
39,France,53,33,142.03,31,1,18,4.8,0,3,0,0,0,0.08
42,Spain,51,45,120.93,42,2,11,3.1,0,0,0,0,0,0.08
27,France,58,23,92.79,32,0,9,4.4,1,2,0,0,0,0.08
55,United Kingdom,37,40,137.84,23,2,19,3.8,1,0,2,0,0,0.08
60,France,54,36,69.91,29,1,18,3.8,0,4,1,0,0,0.075
57,United Kingdom,45,16,169.35,34,0,12,5.0,0,2,0,0,0,0.075
32,Spain,56,35,107.66,27,0,11,4.9,0,0,1,0,0,0.065
25,United Kingdom,47,37,69.17,20,1,6,4.8,0,3,0,0,0,0.065
23,United Kingdom,42,37,109.95,33,0,9,4.0,0,0,1,0,0,0.065
62,Spain,32,36,73.25,29,1,14,4.8,0,7,1,0,0,0.065
40,France,41,32,103.36,46,1,0,4.5,0,3,0,0,0,0.055
60,France,31,22,86.15,65,2,20,3.2,0,1,2,0,0,0.055
64,Germany,47,33,111.85,28,2,8,3.6,0,3,1,0,0,0.05
53,United Kingdom,31,35,91.53,19,1,7,5.0,1,1,1,0,0,0.045
50,Portugal,32,35,156.52,34,1,21,4.8,0,6,2,0,0,0.045
